name,main_category,address,address_ward,address_street,address_city,address_postal_code,address_state,address_country_code,link,coordinates
Adilabad,,"Adilabad, Telangana 504001",,,Adilabad,,Telangana,IN,https://www.google.com/maps/place/Adilabad/data=!4m7!3m6!1s0x3bd25c756be12b11:0x5b3bd1283e6840ec!8m2!3d19.6765668!4d78.5320841!16zL20vMDVuNHg1!19sChIJESvha3Vc0jsR7EBoPijRO1s?authuser=0&hl=en&rclk=1,"19.6765668,78.53208409999999"
Kannepalli,,"Kannepalli, Telangana 504219",,,Kannepalli,,Telangana,IN,https://www.google.com/maps/place/Kannepalli/data=!4m7!3m6!1s0x3a32a396b7473167:0x6a5503a3ea87ae79!8m2!3d19.1501682!4d79.6684537!16s%2Fg%2F11dxdzgq4y!19sChIJZzFHt5ajMjoRea6H6qMDVWo?authuser=0&hl=en&rclk=1,"19.1501682,79.6684537"
Asifabad,,"Asifabad, Telangana 504293",,,Asifabad,,Telangana,IN,https://www.google.com/maps/place/Asifabad/data=!4m7!3m6!1s0x3bd2ac1e80629d71:0x7e0782d04d31da11!8m2!3d19.361899!4d79.2930312!16zL20vMGYwNmd3!19sChIJcZ1igB6s0jsREdoxTdCCB34?authuser=0&hl=en&rclk=1,"19.361898999999998,79.2930312"
